{
  "goodP": 0.5,
  "goodR": 0.005,
  "goodF05": 0.02403846153846154,
  "badP": 0.5,
  "badR": 0.995,
  "badF05": 0.5552455357142856
}